keys,en,de
Szkoła sztuki,Art School,Kunstschule
Za mało gotówki na kurs.,Not enough cash for the course.,Nicht genug Bargeld für den Kurs.
"Kurs (%.0f M, %d dni)","Course (%.0f M, %d days)","Kurs (%.0f M, %d Tage)"
"Eksperckość: %.0f%% — zwiększa szansę na wczesne ostrzeżenie o podróbce w Domu aukcyjnym (NIE wpływa na szacowaną wartość obrazu)
Gotówka: %.0f M | Data: %s","Expertise: %.0f%% — increases the chance of an early forgery warning at the Auction House (does NOT affect the estimated value of a painting)
Cash: %.0f M | Date: %s","Expertise: %.0f%% — erhöht die Chance auf eine frühe Fälschungswarnung im Auktionshaus (beeinflusst NICHT den Schätzwert eines Gemäldes)
Bargeld: %.0f M | Datum: %s"
Dom aukcyjny,Auction House,Auktionshaus
"W tym mieście nie odbywa się teraz żadna aukcja.
Wróć w podanym terminie.","There is no auction happening in this city right now.
Come back on the given date.","In dieser Stadt findet gerade keine Auktion statt.
Komm zum angegebenen Termin zurück."
Podbij (+10%),Raise bid (+10%),Gebot erhöhen (+10%)
Zakończ rundę,End round,Runde beenden
Czas minął!,Time's up!,Zeit abgelaufen!
Czas na podbicie: %d s,Time to bid: %d s,Zeit zum Bieten: %d s
Zabrakło czasu na podbicie — rywale odpowiadają.,Time ran out to bid — rivals are responding.,Die Zeit zum Bieten ist abgelaufen — Rivalen antworten.
%s podbija ofertę.,%s raises the bid.,%s erhöht das Gebot.
Za mało gotówki na taką ofertę.,Not enough cash for that bid.,Nicht genug Bargeld für dieses Gebot.
"To była FAŁSZYWKA! Pieniądze przepadły, obraz nie trafia do kolekcji.","It was a FORGERY! The money is lost, the painting doesn't join the collection.","Es war eine FÄLSCHUNG! Das Geld ist verloren, das Gemälde kommt nicht in die Sammlung."
Wygrywasz aukcję! Obraz trafia do kolekcji (%d/%d).,You win the auction! The painting joins the collection (%d/%d).,Du gewinnst die Auktion! Das Gemälde kommt in die Sammlung (%d/%d).
Nikt nie licytował — obraz zostaje niesprzedany.,No one bid — the painting remains unsold.,Niemand hat geboten — das Gemälde bleibt unverkauft.
%s wygrywa aukcję.,%s wins the auction.,%s gewinnt die Auktion.
Aukcja w toku: %s — %s,Auction in progress: %s — %s,Auktion läuft: %s — %s
"Na sprzedaż: „%s” — %s, %s (%s) — szac. wartość %.0f M","For sale: “%s” — %s, %s (%s) — est. value %.0f M","Zu verkaufen: „%s“ — %s, %s (%s) — geschätzter Wert %.0f M"
Na sprzedaż: obraz nr %d (%s) — szac. wartość %.0f M,For sale: painting #%d (%s) — est. value %.0f M,Zu verkaufen: Gemälde Nr. %d (%s) — geschätzter Wert %.0f M
⚠ Szkoła Sztuki ostrzega: ten numer już masz w kolekcji — to może być podróbka!,⚠ The Art School warns: you already have this number in your collection — it might be a forgery!,⚠ Die Kunstschule warnt: Diese Nummer hast du bereits in deiner Sammlung — es könnte sich um eine Fälschung handeln!
nikt,no one,niemand
Ty,You,Du
"Oferta: %.0f M
(prowadzi: %s)","Bid: %.0f M
(leading: %s)","Gebot: %.0f M
(führend: %s)"
"
Jeśli nikt Cię nie przebije do końca czasu — wygrywasz!","
If no one outbids you before time runs out — you win!","
Wenn dich niemand überbietet, bevor die Zeit abläuft — gewinnst du!"
Gotówka: %.0f M,Cash: %.0f M,Bargeld: %.0f M
Następna aukcja: %s — %s,Next auction: %s — %s,Nächste Auktion: %s — %s
Jedź »,Travel »,Reisen »
Plantacje,Plantations,Plantagen
Galeria,Gallery,Galerie
Giełda,Stock Market,Börse
Rynek,Market,Markt
Wyścigi konne,Horse Races,Pferderennen
Koniec tury »,End turn »,Zug beenden »
Zapisz i wyjdź do menu,Save and exit to menu,Speichern und zum Menü zurückkehren
Ustawienia,Settings,Einstellungen
Wyjdź z gry,Quit game,Spiel beenden
"%s
w podróży do %s (%.1f dnia)","%s
traveling to %s (%.1f days)","%s
auf Reise nach %s (%.1f Tage)"
"%s
w: %s","%s
in: %s","%s
in: %s"
"
(gracz %d/%d)","
(player %d/%d)","
(Spieler %d/%d)"
Obrazy: %d/%d,Paintings: %d/%d,Gemälde: %d/%d
⚠ Kurs dolara wysoki — zbliża się reforma walutowa!,⚠ Dollar rate is high — a currency reform is approaching!,⚠ Der Dollarkurs ist hoch — eine Währungsreform steht bevor!
Ekonomiczna gra strategiczna — lata 20. XX wieku,An economic strategy game — the 1920s,Ein Wirtschaftsstrategiespiel — die 1920er Jahre
Liczba graczy (hot-seat):,Number of players (hot-seat):,Anzahl der Spieler (Hot-Seat):
Tryb łatwy (%d/%d obrazów do wygranej),Easy mode (%d/%d paintings to win),Einfacher Modus (%d/%d Gemälde zum Sieg)
Nowa gra,New game,Neues Spiel
Wczytaj grę,Load game,Spiel laden
Galeria (placeholder),Gallery (placeholder),Galerie (Platzhalter)
Twoja kolekcja: %d/%d (próg zwycięstwa),Your collection: %d/%d (win threshold),Deine Sammlung: %d/%d (Sieg-Schwelle)
%s: %d/5,%s: %d/5,%s: %d/5
Gracze,Players,Spieler
 (Ty), (You), (Du)
%s%s: %d obrazów,%s%s: %d paintings,%s%s: %d Gemälde
Ochrona,Protection,Schutz
Zatrudnij ochroniarza (%.0f M),Hire a bodyguard (%.0f M),Leibwächter anheuern (%.0f M)
Rywale,Rivals,Rivalen
%s: %d obrazów,%s: %d paintings,%s: %d Gemälde
Wyślij gangstera (%.0f M),Send a gangster (%.0f M),Gangster schicken (%.0f M)
Gangster wraca z obrazem!,The gangster returns with a painting!,Der Gangster kommt mit einem Gemälde zurück!
Gangster wraca z pustymi rękami — pieniądze przepadły.,The gangster returns empty-handed — the money is lost.,Der Gangster kommt mit leeren Händen zurück — das Geld ist verloren.
Masz ochroniarza — obrazy chronione przed kradzieżą.,You have a bodyguard — paintings are protected from theft.,Du hast einen Leibwächter — Gemälde sind vor Diebstahl geschützt.
Bez ochrony — Twoja kolekcja jest narażona na kradzież (~%.0f%% szans/tydzień).,No protection — your collection is at risk of theft (~%.0f%% chance/week).,Kein Schutz — deine Sammlung ist diebstahlgefährdet (~%.0f%% Chance/Woche).
%s — kurs ×%.1f,%s — odds ×%.1f,%s — Quote ×%.1f
Postaw zakład,Place bet,Wette platzieren
Za mało gotówki na taki zakład.,Not enough cash for that bet.,Nicht genug Bargeld für diese Wette.
Wygrywa %s! Wygrana: %.0f M,%s wins! Payout: %.0f M,%s gewinnt! Gewinn: %.0f M
Wygrywa %s. Twój koń nie zwyciężył — zakład przepadł.,%s wins. Your horse didn't win — the bet is lost.,%s gewinnt. Dein Pferd hat nicht gewonnen — die Wette ist verloren.
Koniec gry,Game Over,Spielende
Powrót do menu głównego,Return to main menu,Zurück zum Hauptmenü
Kolekcja kompletna,Collection Complete,Sammlung komplett
Ostatni obraz trafia do gabloty. Posłaniec przynosi wiadomość: wuj Walther chce Cię widzieć natychmiast.,The last painting takes its place in the display case. A messenger arrives with word: uncle Walther wants to see you at once.,Das letzte Gemälde findet seinen Platz in der Vitrine. Ein Bote überbringt die Nachricht: Onkel Walther will dich sofort sehen.
"W gabinecie czeka na Ciebie zapieczętowany testament. Notariusz czyta go na głos, a przy podpisie zawodowo się zawiesza — obok nazwiska ""Walther von Rabenstein"" widnieje dopisek innym charakterem pisma: ""znany też jako Vico Falsari"".","In the study, a sealed will awaits you. The notary reads it aloud, and his voice catches at the signature — next to the name ""Walther von Rabenstein"" is a note in different handwriting: ""also known as Vico Falsari"".","Im Arbeitszimmer erwartet dich ein versiegeltes Testament. Der Notar liest es laut vor und stockt bei der Unterschrift — neben dem Namen ""Walther von Rabenstein"" steht ein Vermerk in anderer Handschrift: ""auch bekannt als Vico Falsari""."
"Cała pogoń za fałszerzem, każda podróbka podsunięta na aukcji, każda niechciana przejażdżka — to był test, który sam sobie zaplanował dla następcy, zanim zaufa mu swoje imperium. Właśnie go zdałeś/zdałaś.","The whole chase after the forger, every fake slipped into an auction, every unwanted ride — it was a test he devised for his successor, before entrusting them with his empire. You just passed it.","Die ganze Jagd nach dem Fälscher, jede auf einer Auktion untergeschobene Fälschung, jede ungewollte Fahrt — das war ein Test, den er sich selbst für seinen Nachfolger ausgedacht hatte, bevor er ihm sein Imperium anvertraut. Du hast ihn gerade bestanden."
Dni gry: %d | Gotówka: %.0f M | Obrazy: %d,Game days: %d | Cash: %.0f M | Paintings: %d,Spieltage: %d | Bargeld: %.0f M | Gemälde: %d
Bankructwo,Bankruptcy,Bankrott
"Wierzyciele stracili cierpliwość. Twoje interesy zostają przejęte, a marzenie o spadku po wuju Waltherze przechodzi na innego, sprawniejszego kandydata.","Your creditors have run out of patience. Your affairs are taken over, and the dream of uncle Walther's inheritance passes to another, more capable candidate.","Deine Gläubiger haben die Geduld verloren. Deine Geschäfte werden übernommen, und der Traum vom Erbe Onkel Walthers geht an einen anderen, fähigeren Kandidaten über."
Dni gry: %d | Obrazy zebrane: %d,Game days: %d | Paintings collected: %d,Spieltage: %d | Gesammelte Gemälde: %d
Przegrana,Defeat,Niederlage
%s dociera do ostatniego brakującego obrazu pierwszy/-a. Testament wuja Walthera zostaje spisany na czyjeś inne nazwisko.,%s reaches the last missing painting first. Uncle Walther's will is drawn up in someone else's name.,%s erreicht als Erste(r) das letzte fehlende Gemälde. Onkel Walthers Testament wird auf einen anderen Namen ausgestellt.
Dni gry: %d | Twoje obrazy: %d,Game days: %d | Your paintings: %d,Spieltage: %d | Deine Gemälde: %d
TODO: wykres cen w czasie,TODO: price chart over time,TODO: Preisverlauf-Diagramm
Ceny towarów,Commodity prices,Warenpreise
Kontrakty terminowe,Forward contracts,Terminkontrakte
"Kontrakt: %d jednostek za %d dni, cena dziś ×%.1f, kara %.0f%% przy niedostarczeniu","Contract: %d units in %d days, today's price ×%.1f, %.0f%% penalty for non-delivery","Kontrakt: %d Einheiten in %d Tagen, heutiger Preis ×%.1f, %.0f%% Strafe bei Nichtlieferung"
Zawrzyj: %s,Sign: %s,Abschließen: %s
%.1f M (masz: %d),%.1f M (you have: %d),%.1f M (du hast: %d)
Kup 10,Buy 10,10 kaufen
Sprzedaj 10,Sell 10,10 verkaufen
Kupiono 10 akcji: %s.,Bought 10 shares: %s.,10 Aktien gekauft: %s.
"Za mało gotówki, żeby kupić 10 akcji: %s.",Not enough cash to buy 10 shares: %s.,"Nicht genug Bargeld, um 10 Aktien zu kaufen: %s."
Sprzedano 10 akcji: %s.,Sold 10 shares: %s.,10 Aktien verkauft: %s.
"Nie masz 10 akcji, żeby sprzedać: %s.",You don't have 10 shares to sell: %s.,Du hast keine 10 Aktien zum Verkaufen: %s.
%s: %.1f M / jednostkę,%s: %.1f M / unit,%s: %.1f M / Einheit
"%s: %d szt. po %.1f M, termin dzień %d, kara %.0f M","%s: %d units at %.1f M, due day %d, penalty %.0f M","%s: %d Einheiten zu %.1f M, fällig Tag %d, Strafe %.0f M"
Brak aktywnych kontraktów.,No active contracts.,Keine aktiven Kontrakte.
Robotnicy:,Workers:,Arbeiter:
Zbierz plony,Harvest,Ernten
Wyślij i sprzedaj (Nowy Jork),Ship and sell (New York),Versenden und verkaufen (New York)
Zebrano: %d jednostek.,Harvested: %d units.,Geerntet: %d Einheiten.
"Nic do zebrania — brak uprawy, robotników albo nie minął jeszcze czas od ostatnich zbiorów.","Nothing to harvest — no crop, no workers, or not enough time has passed since the last harvest.","Nichts zu ernten — keine Anbaupflanze, keine Arbeiter, oder es ist noch nicht genug Zeit seit der letzten Ernte vergangen."
brak,none,keine
Dokąd jedziemy?,Where to?,Wohin reisen wir?
Anuluj,Cancel,Abbrechen
« Powrót,« Back,« Zurück
Jesteś w: %s — dotknij pinezkę celu podróży,You are in: %s — tap the pin of your destination,Du bist in: %s — tippe die Pinnadel deines Reiseziels an
pociągiem,by train,mit dem Zug
samolotem,by plane,mit dem Flugzeug
Podróż do %s: %.1f dnia (%s),Travel to %s: %.1f days (%s),Reise nach %s: %.1f Tage (%s)
Podróż,Travel,Reise
Pomiń »,Skip »,Überspringen »
Tura: %s,Turn: %s,Zug: %s
Paryż,Paris,Paris
Lizbona,Lisbon,Lissabon
Londyn,London,London
Bombaj,Bombay,Bombay
Abidżan,Abidjan,Abidjan
Gwatemala,Guatemala City,Guatemala-Stadt
Meksyk,Mexico City,Mexiko-Stadt
Nowy Jork,New York,New York
Kawa,Coffee,Kaffee
Tytoń,Tobacco,Tabak
Herbata,Tea,Tee
Kakao,Cocoa,Kakao
Barok,Baroque,Barock
Klasycyzm,Classicism,Klassizismus
Romantyzm,Romanticism,Romantik
Impresjonizm,Impressionism,Impressionismus
Symbolizm,Symbolism,Symbolismus
Ekspresjonizm,Expressionism,Expressionismus
Moderna,Modernism,Moderne
Salwa armatnia,The Cannon Shot,Der Kanonenschuss
Porwanie córek Leukipposa,The Rape of the Daughters of Leucippus,Der Raub der Töchter des Leukippos
Pracownia malarska,The Art of Painting,Die Malkunst
Koronczarka,The Lacemaker,Die Spitzenklöpplerin
Starzec w fotelu,Old Man in an Armchair,Alter Mann im Sessel
Czytająca list kobieta w błękicie,Woman in Blue Reading a Letter,Briefleserin in Blau
Wanna,The Tub,Die Wanne
Portret malarza Waltera Leistikowa,Portrait of the Painter Walter Leistikow,Bildnis des Malers Walter Leistikow
Astronom,The Astronomer,Der Astronom
Dziewczyna z perłą,Girl with a Pearl Earring,Mädchen mit dem Perlenohrring
Gabrielle w rozpiętej bluzce,Gabrielle with Open Blouse,Gabrielle mit offener Bluse
Klify pod Pourville,Cliffs near Pourville,Klippen bei Pourville
Grający w karty,The Card Players,Die Kartenspieler
Symfonia w bieli,Symphony in White,Symphonie in Weiß
Morze lodu (Rozbite nadzieje),The Sea of Ice (The Wreck of Hope),Das Eismeer (Die gescheiterte Hoffnung)
Latarnia morska w Harwich,Harwich Lighthouse,Der Leuchtturm von Harwich
Kobieta jedząca ostrygi,Woman Eating Oysters,Austern essende Frau
Portret Emilie Flöge,Portrait of Emilie Flöge,Bildnis Emilie Flöge
"Pożar Izb Parlamentu w Londynie, 16 października 1834","The Burning of the Houses of Parliament, 16 October 1834","Der Brand des Parlaments, 16. Oktober 1834"
Grecja na ruinach Missolungi,Greece on the Ruins of Missolonghi,Griechenland auf den Ruinen von Missolunghi
Tryton i Nereida,Triton and Nereid,Triton und Nereide
Zamykam się w sobie,I Lock My Door Upon Myself,Ich schließe mich in mir ein
Autoportret,Self-Portrait,Selbstbildnis
Dziedziniec zamku Warwick,The Courtyard of Warwick Castle,Der Hof von Warwick Castle
Dwie Tahitanki,Two Tahitian Women,Zwei Tahitianerinnen
Zwodzony most,The Langlois Bridge,Die Zugbrücke
Kąpiąca się z Valpinçon,The Valpinçon Bather,Die Badende von Valpinçon
Złote rybki i rzeźba,Goldfish and Sculpture,Goldfische und Skulptur
Tancerka,The Dancer,Die Tänzerin
Skruszony święty Piotr,The Repentant Saint Peter,Der reuige heilige Petrus
Śmierć Marata,The Death of Marat,Der Tod des Marat
Madonna,Madonna,Madonna
Fryzura,The Coiffure,Die Frisur
Żniwa,The Harvesters,Die Kornernte
Młodzieniec trzymający czaszkę,Young Man Holding a Skull,Jüngling mit Totenschädel
Kościół wiejski,Village Church,Dorfkirche
Koń w krajobrazie,Horse in a Landscape,Pferd in Landschaft
Targ w Tunisie,Market in Tunis,Markt in Tunis
Wiadukt w L'Estaque,Viaduct at L'Estaque,Viadukt in L'Estaque
Podaj imiona graczy,Enter player names,Namen der Spieler eingeben
Gracz %d:,Player %d:,Spieler %d:
Gracz %d,Player %d,Spieler %d
Rozpocznij grę,Start game,Spiel starten
Miejsca »,Places »,Orte »
Spichlerz,Warehouse,Kornspeicher
Spichlerz »,Warehouse »,Kornspeicher »
Wyślij i sprzedaj,Ship and sell,Versenden und verkaufen
Sprzedano %d jednostek: %s.,Sold %d units: %s.,%d Einheiten verkauft: %s.
Brak zapasów do sprzedania: %s.,No stock to sell: %s.,Kein Bestand zum Verkauf: %s.
%d szt. — %.1f M/szt.,%d units — %.1f M/unit,%d Einheiten — %.1f M/Einheit
Pola: %d | Uprawa: %s,Fields: %d | Crop: %s,Felder: %d | Anbau: %s
Robotnicy: %d,Workers: %d,Arbeiter: %d
Zboże w magazynie: %d,Stored crop: %d,Lagerbestand: %d
W tym mieście trwa dziś aukcja!,An auction is taking place in this city today!,Heute findet in dieser Stadt eine Auktion statt!
Przejdź do aukcji »,Go to auction »,Zur Auktion »
Gotowe do zbioru: %d jednostek.,Ready to harvest: %d units.,Erntereif: %d Einheiten.
Pola: %d,Fields: %d,Felder: %d
Sadzić:,Plant:,Pflanzen:
%s: %d pól,%s: %d fields,%s: %d Felder
Podsumowanie roku %d,Year summary %d,Jahresübersicht %d
Linie żeglugowe,Shipping lines,Schifffahrtslinien
"Inflacja: %.1f%%
Kurs dolara: %.2f M","Inflation: %.1f%%
Dollar rate: %.2f M","Inflation: %.1f%%
Dollarkurs: %.2f M"
Kontynuuj »,Continue »,Weiter »
Rezygnuję z aukcji,Withdraw from auction,Auktion aufgeben
Mężczyzna,Male,Männlich
Kobieta,Female,Weiblich
Cylinder,Top Hat,Zylinder
Monokl,Monocle,Monokel
Boa z piór,Feather Boa,Federboa
Obraz trafia do kolekcji (%d/%d).,Painting joins the collection (%d/%d).,Das Gemälde geht in die Sammlung ein (%d/%d).
Który z tych dwóch obrazów to podróbka?,Which of these two paintings is the forgery?,Welches der beiden Gemälde ist die Fälschung?
Ta jest podróbką,This one is the forgery,Das ist die Fälschung
Trafnie! To rzeczywiście była podróbka.,Correct! That really was the forgery.,Richtig! Das war tatsächlich die Fälschung.
Nietrafiona odpowiedź — to był oryginał.,Wrong guess — that was the original.,Falsch geraten — das war das Original.
" Eksperckość +%.0f%%."," Expertise +%.0f%%."," Expertise +%.0f%%."
Zamknij,Close,Schließen
 (aktywny), (active), (aktiv)
 (maksimum), (maximum), (Maximum)
%.0f M,%.0f M,%.0f M
%d. %s,%d. %s,%d. %s
%s — %s,%s — %s,%s — %s
"%s
%s","%s
%s","%s
%s"
Bonus,Bonus,Bonus
"Dodatkowo w kopercie czekał prawdziwy obraz: „%s” (%s, %s)!","A genuine painting was also waiting in the envelope: “%s” (%s, %s)!","Zusätzlich wartete ein echtes Gemälde im Umschlag: „%s“ (%s, %s)!"
"Eksperckość zwiększa szansę na wczesne ostrzeżenie o podróbce w Domu aukcyjnym
(NIE wpływa na szacowaną wartość obrazu)","Expertise increases the chance of an early forgery warning at the Auction House
(does NOT affect the estimated value of a painting)","Expertise erhöht die Chance auf eine frühe Fälschungswarnung im Auktionshaus
(beeinflusst NICHT den Schätzwert eines Gemäldes)"
Eksperckość: %.0f%%,Expertise: %.0f%%,Expertise: %.0f%%
Euforia inwestorów! Kursy WSZYSTKICH linii żeglugowych rosną naraz o %.0f%%.,Investor euphoria! ALL shipping line rates jump by %.0f%% at once.,Anlegereuphorie! Die Kurse ALLER Schifffahrtslinien steigen gleichzeitig um %.0f%%.
Galeria »,Gallery »,Galerie »
Gangster złapany! Dodatkowa grzywna %.0f M.,Gangster caught! Additional fine %.0f M.,Gangster gefasst! Zusätzliche Geldstrafe %.0f M.
Gracz,Player,Spieler
Hossa na giełdzie!,Stock market boom!,Börsenboom!
Klęska żywiołowa w %s!,Natural disaster in %s!,Naturkatastrophe in %s!
Konfiskata w %s!,Confiscation in %s!,Beschlagnahmung in %s!
Kontuzja!,Injury!,Verletzung!
Krach giełdowy!,Stock market crash!,Börsencrash!
Kup pompę wodną (%.0f M),Buy water pump (%.0f M),Wasserpumpe kaufen (%.0f M)
Następny zakład możliwy za %d dni.,Next bet possible in %d days.,Nächste Wette möglich in %d Tagen.
Niepokoje społeczne uderzają w plantację.,Civil unrest strikes the plantation.,Soziale Unruhen treffen die Plantage.
"Noworoczna Loteria!
%s wygrywa %.0f M.","New Year Lottery!
%s wins %.0f M.","Neujahrslotterie!
%s gewinnt %.0f M."
Obraz nr %d — %s,Painting no. %d — %s,Gemälde Nr. %d — %s
Panika na parkiecie! Kursy WSZYSTKICH linii żeglugowych spadają naraz o %.0f%%.,Panic on the trading floor! ALL shipping line rates drop by %.0f%% at once.,Panik auf dem Börsenparkett! Die Kurse ALLER Schifffahrtslinien fallen gleichzeitig um %.0f%%.
Podbij,Raise bid,Gebot erhöhen
Pompa wodna (kupiona),Water pump (purchased),Wasserpumpe (gekauft)
Pompa wodna kupiona — plantacja odporna na suszę/powódź.,Water pump purchased — the plantation is now protected against drought/flood.,Wasserpumpe gekauft — die Plantage ist jetzt vor Dürre/Überschwemmung geschützt.
ROK %d,YEAR %d,JAHR %d
Reforma walutowa!,Currency reform!,Währungsreform!
Rezygnuję,Withdraw,Aufgeben
Robotnicy porzucają pracę wobec zaległych wypłat.,Workers walk off the job over unpaid wages.,Arbeiter legen wegen ausstehender Löhne die Arbeit nieder.
Rzeka,River,Fluss
Rząd wprowadza nowy przelicznik marki na dolara: %d:1. Nowy kurs dolara: %.2f M.,The government introduces a new mark-to-dollar conversion rate: %d:1. New dollar rate: %.2f M.,Die Regierung führt einen neuen Umrechnungskurs von Mark zu Dollar ein: %d:1. Neuer Dollarkurs: %.2f M.
Straciłeś/-aś %d robotników.,You lost %d workers.,Du hast %d Arbeiter verloren.
Strajk w %s!,Strike in %s!,Streik in %s!
Susza i powodzie niszczą uprawy — pompa wodna dałaby pełną ochronę.,Drought and floods destroy the crops — a water pump would have given full protection.,Dürre und Überschwemmungen zerstören die Ernte — eine Wasserpumpe hätte vollen Schutz geboten.
Sytuacja wymknęła się spod kontroli — plantacja została całkowicie utracona.,The situation spiraled out of control — the plantation was completely lost.,Die Situation geriet außer Kontrolle — die Plantage ist vollständig verloren.
Sąsiaduje z rzeką (większy plon),Adjacent to the river (higher yield),Grenzt an den Fluss (höherer Ertrag)
Towar zepsuty w %s!,Goods spoiled in %s!,Waren verdorben in %s!
Twoje pole (niezasiane),Your field (unplanted),Dein Feld (unbepflanzt)
Ulubiony obraz wuja! Bonus: %.0f M.,Uncle's favorite painting! Bonus: %.0f M.,Lieblingsgemälde des Onkels! Bonus: %.0f M.
Wiadomości,News,Nachrichten
Wolne pole (do kupienia),Vacant field (for sale),Freies Feld (kaufbar)
Wycisz muzykę,Mute music,Musik stummschalten
Władze skonfiskowały %d jednostek przemycanej uprawy.,The authorities confiscated %d units of the smuggled crop.,Die Behörden haben %d Einheiten der geschmuggelten Ernte beschlagnahmt.
Za mało gotówki na gangstera.,Not enough cash for a gangster.,Nicht genug Bargeld für einen Gangster.
Za mało gotówki na pompę wodną.,Not enough cash for a water pump.,Nicht genug Bargeld für eine Wasserpumpe.
Zajęte przez innego gracza (kolor/inicjał = kto),Occupied by another player (color/initial = who),Von einem anderen Spieler belegt (Farbe/Initiale = wer)
Zamieszki w %s!,Riots in %s!,Unruhen in %s!
Zapas %s (%d jednostek) leżał w magazynie zbyt długo i uległ zepsuciu.,The stock of %s (%d units) sat in the warehouse too long and spoiled.,Der Bestand an %s (%d Einheiten) lag zu lange im Lager und ist verdorben.
Zebrane zapasy zostały skonfiskowane.,The harvested stock was confiscated.,Die geernteten Vorräte wurden beschlagnahmt.
kurs ×%.1f,odds ×%.1f,Quote ×%.1f
szansa %.0f%%,chance %.0f%%,Chance %.0f%%
« Wróć do galerii,« Back to gallery,« Zurück zur Galerie
« Wróć,« Back,« Zurück
"„%s” — %s, %s","“%s” — %s, %s","„%s“ — %s, %s"
⚠ możliwa podróbka!,⚠ possible forgery!,⚠ mögliche Fälschung!
Instrukcja,Instructions,Anleitung
Cel gry,Game objective,Spielziel
"Grasz jako spadkobierca/spadkobierczyni wuja Walthera von Rabensteina, odbudowując rodzinną fortunę i szukając rozproszonej kolekcji 40 obrazów. Zarabiasz na plantacjach, giełdzie i wyścigach, a zdobyte pieniądze inwestujesz w licytacje na aukcjach, żeby skompletować kolekcję przed rywalami — w tym fałszerzem Vico Falsarim, który podrzuca na aukcje podróbki.","You play as the heir to Uncle Walther von Rabenstein, rebuilding the family fortune and tracking down his scattered collection of 40 paintings. Earn money from plantations, the stock market and horse races, then invest it in auction bids to complete the collection before your rivals — including the forger Vico Falsari, who slips fakes into the auctions.","Du spielst als Erbin oder Erbe von Onkel Walther von Rabenstein und baust das Familienvermögen wieder auf, während du seiner verstreuten Sammlung von 40 Gemälden nachjagst. Verdiene Geld mit Plantagen, der Börse und Pferderennen und investiere es in Auktionsgebote, um die Sammlung vor deinen Rivalen zu vervollständigen — allen voran dem Fälscher Vico Falsari, der Fälschungen in die Auktionen einschleust."
Zwycięstwo i porażka,Victory and defeat,Sieg und Niederlage
"Wygrywasz, gdy zdobędziesz wszystkie obrazy z głównego katalogu (40 w trybie standardowym, 15 w trybie łatwym). Przegrywasz, jeśli przez 60 kolejnych dni gry masz ujemną gotówkę (bankructwo) albo jeśli rywal skompletuje kolekcję pierwszy. W grze wieloosobowej (hot-seat, do 4 graczy) wygrywa ten gracz, który jako pierwszy skompletuje kolekcję.","You win by collecting every painting in the main catalogue (40 in standard mode, 15 on easy). You lose if your cash stays negative for 60 consecutive game days (bankruptcy), or if a rival completes the collection first. In multiplayer (hot-seat, up to 4 players), whoever completes the collection first wins.","Du gewinnst, wenn du alle Gemälde des Hauptkatalogs besitzt (40 im Standardmodus, 15 im leichten Modus). Du verlierst, wenn dein Kontostand 60 Spieltage in Folge negativ bleibt (Bankrott) oder ein Rivale die Sammlung zuerst vervollständigt. Im Mehrspielermodus (Hotseat, bis zu 4 Spieler) gewinnt, wer die Sammlung als Erstes vervollständigt."
Hub i mapa świata,Hub and world map,Zentrale und Weltkarte
"Hub to ekran startowy każdej tury — pokazuje Twoją lokalizację, datę i gotówkę oraz menu z dostępnymi akcjami (część z nich, np. Plantacje czy Dom aukcyjny, widać tylko w odpowiednim typie miasta). Przycisk „Jedź »” otwiera mapę świata z klikalnymi pinezkami miast — dotknij pinezkę, żeby zobaczyć czas podróży i potwierdzić wyjazd. „Koniec tury »” przesuwa kalendarz o 7 dni (albo mniej, jeśli w tym czasie wypada zaplanowana aukcja w Twoim mieście).","The Hub is your starting screen each turn — it shows your location, the date, your cash, and a menu of available actions (some, like Plantations or the Auction House, only appear in the right kind of city). The “Travel »” button opens the world map with tappable city pins — tap one to see the travel time and confirm the trip. “End turn »” advances the calendar by 7 days (or fewer, if a scheduled auction in your city falls within that window).","Die Zentrale ist dein Startbildschirm für jede Runde — sie zeigt deinen Standort, das Datum, dein Bargeld sowie ein Menü mit verfügbaren Aktionen (manche, wie Plantagen oder das Auktionshaus, erscheinen nur im passenden Stadttyp). Die Schaltfläche „Reisen »“ öffnet die Weltkarte mit antippbaren Stadt-Markierungen — tippe eine an, um die Reisezeit zu sehen und die Reise zu bestätigen. „Zug beenden »“ lässt den Kalender um 7 Tage voranschreiten (oder weniger, falls in diesem Zeitraum eine geplante Auktion in deiner Stadt stattfindet)."
"Każde miasto plantacyjne ma własną siatkę pól 16×16 ze wspólną, wylosowaną raz na grę rzeką — pola leżące obok rzeki (poziomo, pionowo lub po przekątnej) dają podwójny plon. Siatka jest współdzielona między wszystkimi graczami: kto pierwszy kupi pole, ten jest jego właścicielem. Kup pola, zatrudnij robotników i zbieraj plony — wydajność zależy od pory roku, a plantacje bez pompy wodnej są narażone na suszę/powódź. W Ankarze i Gwatemali dostępna jest dodatkowo ryzykowna, „przemycana” uprawa. Jeśli zabraknie Ci gotówki na wypłaty, grozi strajk (utrata zapasów i połowy załogi), a w niespokojnych regionach — także zamieszki; trzy takie uderzenia z rzędu kosztują całą plantację.","Every plantation city has its own 16×16 grid of plots with a river randomised once per game — plots next to the river (horizontally, vertically or diagonally) yield double the harvest. The grid is shared by all players: whoever buys a plot first owns it. Buy plots, hire workers and harvest crops — yield depends on the season, and plantations without a water pump are exposed to drought or flooding. Ankara and Guatemala also offer a risky “smuggled” crop. If you can't afford your workers' wages, you risk a strike (losing your stock and half your workforce), and in unstable regions, unrest as well; three such hits in a row cost you the entire plantation.","Jede Plantagenstadt hat ein eigenes 16×16-Feldraster mit einem Fluss, der einmal pro Spiel zufällig festgelegt wird — Felder neben dem Fluss (waagerecht, senkrecht oder diagonal) liefern den doppelten Ertrag. Das Raster wird von allen Spielern gemeinsam genutzt: Wer ein Feld zuerst kauft, dem gehört es. Kaufe Felder, stelle Arbeiter ein und ernte — der Ertrag hängt von der Jahreszeit ab, und Plantagen ohne Wasserpumpe sind Dürre oder Überschwemmung ausgesetzt. In Ankara und Guatemala gibt es zusätzlich einen riskanten „geschmuggelten“ Anbau. Reicht dein Geld nicht für die Löhne, droht ein Streik (Verlust der Vorräte und der halben Belegschaft), in unruhigen Regionen zusätzlich Unruhen; drei solcher Treffer in Folge kosten dich die gesamte Plantage."
"Spichlerz to zbiorczy magazyn zebranych plonów ze wszystkich Twoich plantacji w danym mieście. Stąd wysyłasz towar do sprzedaży — koszt transportu zależy od miasta i celu (Londyn albo Nowy Jork). Towar, który zaległ w magazynie dłużej niż rok, psuje się i przepada.",The Warehouse pools the harvest from all your plantations in a given city. From here you ship goods off to be sold — transport cost depends on the city and destination (London or New York). Goods left in storage for over a year spoil and are lost.,"Der Kornspeicher sammelt die Ernte all deiner Plantagen in einer Stadt. Von hier aus verschickst du die Ware zum Verkauf — die Transportkosten hängen von Stadt und Ziel ab (London oder New York). Ware, die länger als ein Jahr eingelagert bleibt, verdirbt und geht verloren."
"Na giełdzie kupujesz i sprzedajesz akcje czterech linii żeglugowych: Lloyd (Azja), Star (Afryka), Hanse (Ameryka Południowa) i Royal (Ameryka Północna). Twoja aktywność na plantacjach danego regionu podbija kurs odpowiedniej linii, a rzadkie krachy i hossy potrafią zmienić kursy wszystkich czterech naraz. Giełda oferuje też kontrakty terminowe — zobowiązujesz się dostarczyć towar w przyszłości po dziś ustalonej cenie (z premią), co chroni przed reformą walutową, ale niedostarczenie towaru w terminie kosztuje karę umowną.","The Stock Market lets you buy and sell shares in four shipping lines: Lloyd (Asia), Star (Africa), Hanse (South America) and Royal (North America). Your plantation activity in a region pushes up that line's share price, and rare crashes or booms can swing all four at once. The Stock Market also offers forward contracts — you commit to delivering goods in the future at today's price (plus a premium), which protects you from currency reform, but missing the delivery deadline costs a contractual penalty.","An der Börse kaufst und verkaufst du Aktien von vier Reedereien: Lloyd (Asien), Star (Afrika), Hanse (Südamerika) und Royal (Nordamerika). Deine Plantagenaktivität in einer Region treibt den Kurs der jeweiligen Reederei nach oben, und seltene Crashs oder Höhenflüge können alle vier Kurse gleichzeitig verändern. Die Börse bietet außerdem Terminkontrakte — du verpflichtest dich, Ware in der Zukunft zum heutigen Preis (zuzüglich Aufschlag) zu liefern, was dich vor einer Währungsreform schützt, wobei eine verpasste Lieferfrist eine Vertragsstrafe kostet."
"Rynek to miejsce bieżącej sprzedaży towarów po aktualnych, zmieniających się cenach — wykres pokazuje historię cen każdej uprawy. W przeciwieństwie do kontraktów terminowych z Giełdy, sprzedaż na Rynku jest natychmiastowa, ale po cenie dnia, bez gwarancji.","The Market is where you sell goods at today's fluctuating prices — a chart tracks each crop's price history. Unlike the Stock Market's forward contracts, selling here is instant, but at whatever the day's price happens to be, with no guarantees.","Auf dem Markt verkaufst du Waren zu den aktuellen, schwankenden Preisen — ein Diagramm zeigt den Preisverlauf jeder Anbaupflanze. Anders als bei den Terminkontrakten der Börse erfolgt der Verkauf hier sofort, aber zum jeweiligen Tagespreis, ohne Garantie."
"Aukcje odbywają się w miastach aukcyjnych według harmonogramu — Hub pokazuje termin następnej. Licytujesz przeciw trzem rywalom AI, w tym Vico Falsariemu, w rundach z 20-sekundowym limitem czasu. Część wystawionych obrazów to podróbki — wyższa eksperckość (patrz Szkoła sztuki) zwiększa szansę na wczesne ostrzeżenie, choć nie ujawnia wprost wartości obrazu.","Auctions take place in auction cities on a schedule — the Hub shows the date of the next one. You bid against three AI rivals, including Vico Falsari, in rounds with a 20-second time limit. Some of the paintings on offer are fakes — higher expertise (see Art School) improves your chance of an early warning, though it never reveals a painting's value outright.","Auktionen finden nach einem festen Zeitplan in Auktionsstädten statt — die Zentrale zeigt den Termin der nächsten an. Du bietest gegen drei KI-Rivalen, darunter Vico Falsari, in Runden mit einem Zeitlimit von 20 Sekunden. Manche der angebotenen Gemälde sind Fälschungen — höhere Expertise (siehe Kunstschule) erhöht die Chance auf eine frühzeitige Warnung, verrät aber nie direkt den Wert eines Gemäldes."
"Dostępna wyłącznie w Paryżu. Kurs trwa 28 dni i podnosi Twoją eksperckość — im wyższa, tym większa szansa na wykrycie fałszywki na aukcji, zanim zalicytujesz.","Only available in Paris. The course takes 28 days and raises your expertise — the higher it is, the better your odds of spotting a fake at auction before you bid.","Nur in Paris verfügbar. Der Kurs dauert 28 Tage und steigert deine Expertise — je höher sie ist, desto besser stehen deine Chancen, eine Fälschung bei einer Auktion zu erkennen, bevor du bietest."
"Galeria pokazuje Twoją kolekcję podzieloną na 8 kategorii po 5 obrazów (40 łącznie) oraz to, co brakuje. Poza głównym katalogiem na aukcjach rzadko trafiają się też 3 bonusowe, autentyczne obrazy „ulubione wuja” — nie liczą się do kompletu, ale dają dodatkową nagrodę pieniężną.","The Gallery shows your collection split into 8 categories of 5 paintings each (40 in total), and what's still missing. Beyond the main catalogue, auctions occasionally offer 3 bonus, genuine “uncle's favourites” paintings — they don't count towards the set, but pay out an extra cash reward.","Die Galerie zeigt deine Sammlung, unterteilt in 8 Kategorien mit je 5 Gemälden (40 insgesamt), und was noch fehlt. Neben dem Hauptkatalog tauchen bei Auktionen gelegentlich auch 3 echte Bonusgemälde auf, die „Lieblinge des Onkels“ — sie zählen nicht zum Sammlungsziel, bringen aber eine zusätzliche Geldprämie."
"Twoja kolekcja może paść ofiarą kradzieży — cotygodniowe ryzyko rośnie bez ochroniarza, którego możesz wynająć na tym ekranie. Możesz też wysłać własnego gangstera po obraz rywala: wybierz jednego z trzech dostępnych, a animacja skoku pokaże wynik próby (ustalony wcześniej na podstawie dryfującej dziennie szansy powodzenia). Nieudana próba niesie ryzyko złapania Twojego gangstera i dodatkowej grzywny.","Your collection can be stolen from — the weekly risk is higher without a bodyguard, which you can hire on this screen. You can also send one of your own gangsters after a rival's painting: pick one of three available, and the heist animation plays out the result (already decided beforehand, based on a success chance that drifts day by day). A failed attempt risks your gangster getting caught, plus an extra fine.","Deine Sammlung kann Ziel eines Diebstahls werden — ohne Leibwächter, den du auf diesem Bildschirm anheuern kannst, steigt das wöchentliche Risiko. Du kannst auch einen eigenen Gangster losschicken, um ein Gemälde eines Rivalen zu stehlen: Wähle einen von drei verfügbaren aus, die Einbruchs-Animation zeigt dann das Ergebnis (das vorher anhand einer täglich schwankenden Erfolgschance feststeht). Ein gescheiterter Versuch riskiert, dass dein Gangster gefasst wird, plus eine zusätzliche Geldstrafe."
"Obstawiasz konie o kursach zmieniających się z dnia na dzień (od 1,3 do 20,0) — im wyższy kurs, tym większa wygrana przy trafieniu, ale mniejsza szansa. Po obstawieniu danego konia obowiązuje 7-dniowy okres odnowienia.","Bet on horses whose odds shift from day to day (from 1.3 to 20.0) — the higher the odds, the bigger the payout if you win, but the lower your chance of it. Betting on a horse locks it out for a 7-day cooldown.","Setze auf Pferde, deren Quoten sich täglich ändern (von 1,3 bis 20,0) — je höher die Quote, desto größer der Gewinn im Erfolgsfall, aber desto geringer die Chance. Nach einer Wette auf ein Pferd gilt für dieses eine 7-tägige Sperrfrist."
Reformy walutowe i inflacja,Currency reforms and inflation,Währungsreformen und Inflation
"Kurs dolara rośnie z czasem; gdy przekroczy próg 14,0, Hub ostrzega o zbliżającej się reformie walutowej. Każda reforma gwałtownie przelicza gotówkę wszystkich graczy w stosunku 5:1 — kontrakty terminowe zawarte przed reformą zachowują swoją pierwotną cenę, więc doświadczeni gracze traktują je jako zabezpieczenie.","The dollar rate climbs over time; once it passes 14.0, the Hub warns that a currency reform is approaching. Every reform sharply converts all players' cash at a 5:1 ratio — forward contracts signed before the reform keep their original price, so experienced players use them as a hedge.","Der Dollarkurs steigt mit der Zeit; überschreitet er 14,0, warnt die Zentrale vor einer bevorstehenden Währungsreform. Jede Reform rechnet das Bargeld aller Spieler abrupt im Verhältnis 5:1 um — vor der Reform abgeschlossene Terminkontrakte behalten ihren ursprünglichen Preis, weshalb erfahrene Spieler sie als Absicherung nutzen."
Nowy Rok,New Year,Neujahr
"Na przełomie roku w grze najpierw pojawia się animowana Noworoczna Loteria — jeden zwycięzca spośród wszystkich graczy losowo otrzymuje gotówkę, a czasem także rzadki, autentyczny obraz z głównego katalogu. Zaraz po niej pokazuje się Podsumowanie roku z przeglądem Twoich wyników.","At the turn of the in-game year, an animated New Year's Lottery plays first — one winner, drawn at random from all players, receives cash and sometimes a rare, genuine painting from the main catalogue. Right after it, the Year Summary shows an overview of your results.","Zum Jahreswechsel im Spiel erscheint zuerst die animierte Neujahrslotterie — ein zufällig unter allen Spielern gezogener Gewinner erhält Bargeld und manchmal auch ein seltenes, echtes Gemälde aus dem Hauptkatalog. Direkt danach zeigt die Jahresübersicht eine Zusammenfassung deiner Ergebnisse."
Gra wieloosobowa,Multiplayer,Mehrspielermodus
"Do 4 osób może grać na jednym urządzeniu na zmianę (hot-seat) — pasek stanu zawsze pokazuje, czyja jest tura. Siatki plantacji są wspólne dla wszystkich graczy: kto pierwszy zajmie dobre pole przy rzece, ten ma przewagę.","Up to 4 people can play on one device, taking turns (hot-seat) — the status bar always shows whose turn it is. Plantation grids are shared by all players: whoever claims a good riverside plot first gets the advantage.","Bis zu 4 Personen können abwechselnd an einem Gerät spielen (Hotseat) — die Statusleiste zeigt immer an, wer gerade am Zug ist. Die Plantagenraster werden von allen Spielern gemeinsam genutzt: Wer sich zuerst ein gutes Feld am Fluss sichert, hat den Vorteil."
W Ustawieniach zmienisz język interfejsu (polski/angielski/niemiecki) i wyciszysz muzykę. Grę można w każdej chwili zapisać i wyjść z poziomu Huba.,In Settings you can change the interface language (Polish/English/German) and mute the music. You can save and exit the game at any time from the Hub.,In den Einstellungen kannst du die Oberflächensprache (Polnisch/Englisch/Deutsch) ändern und die Musik stummschalten. Du kannst das Spiel jederzeit über die Zentrale speichern und beenden.
